ID;Reichweite;URL;Titel;Beschreibung;Reichweite_A;Sitz;sozioek;ereichbar_zug;phys;klima_umwelt;Portaltyp;amsta;fachda;opendportal;geodatenportal;Geodaten;lon;lat1;geprüft;Lizenz
1;regional;http://www.geoportal-bw.de;GDI Baden-Württemberg;Die Amtliche informations- und Kommunikationsplattform des Bundeslandes. Zugangspunkt zur Geodateninfrastruktur inklusive  Datensuche und interaktiver Dartstellung von Geodaten für Verwaltung, Wirtschaft, Wissenschaft und  Bürger.;Baden-Württemberg;Stuttgart; ; ;JA; ;geoda; ; ; ;JA;ja;9.07099978003272;48.7653684436108;3/24/2021;Datenlizenz Deutschland - Namensnennung - Version 2.0 & zusätzliche Anagen für Geodaten wie ausgewiesen
2;regional;https://mlr.baden-wuerttemberg.de/de/unsere-themen/geodaten/open-data/;Open Data des Ministerium für Ländlichen Raum und Verbraucherschutz Baden-Württemberg;Zugang zu offenen Geobasisdaten des Landes;Baden-Württemberg;Stuttgart;JA; ;JA;JA;fachda; ;JA; ; ;ja;9.28489780925099;48.7919398991709;3/24/2021;Datenlizenz Deutschland - Namensnennung - Version 2.0
2;regional;https://geoportal.bayern.de/;GDI Bayern;Zentraler Zugang zu Geodaten, Geodatendiensten und Geo-Anwendungen im Rahmen der GDI Bayern;Bayern;München; ; ;JA; ;geoda; ; ; ;JA;ja;11.4715770145142;48.1471849494012;3/24/2021;je nach Ressource ausgewiesen
3;regional;https://opendata.bayern.de/;Open Data Bayern;Open Data Portal des Freistaats Bayern. Einstiegspunkt zur Recherche zu geodaten und amtlicher Statistik;Bayern;München;JA; ;JA;JA;odp; ; ;JA; ;ja;11.5092985918162;48.0788256582541;3/24/2021;je nach Ressource ausgewiesen
5;kommunal;http://offenedaten.aachen.de/;Aachen Open Data;Zugang zu offenen Daten der Stadtverwaltung Aachen;Aachen;Aachen;JA; ;JA;JA;odp; ; ;JA; ; ;6.0829277;50.7761913970916;3/24/2021;je nach Ressource ausgewiesen
6;kommunal;http://www.gisserver.de/aalen/;Geodatenportal der Stadt Aalen;Zugang zur Geodateninfrastruktur der Stadt Aalen;Aalen;Aalen; ; ;JA; ;geoda; ; ; ;JA;ja;10.0933880805286;48.836083096586;3/24/2021;Datenlizenz Deutschland - Namensnennung - Version 2.0
7;kommunal;https://www.arnsberg.de/open-data/;Offene Daten Arnsberg;Open Data Portal der Stadt Arnsberg  zu Themen wie Abfall, Bauen, Bevölkerung, Einrichtungen, Geodaten, Haushalt, Wahlen;Arnsberg;Arnsberg;JA; ;JA;JA;odp; ; ;JA; ; ;7.97197758069559;51.440392347245;3/24/2021;Datenlizenz Deutschland - Namensnennung - Version 2.0
4;regional;http://www.stadtentwicklung.berlin.de/geoinformation/;GDI Berlin;Zugang zu raumgezogenen Daten des Landes, zur Landesvermessung, Liegenschaftskataster, zum Umweltatlas Berlin sowie zu INSPIRE und EFRE;Berlin;Berlin; ;JA;JA;JA;geoda; ; ; ;JA;ja;13.3012979382984;52.4963448632278;3/24/2021;je nach Ressource ausgewiesen
9;kommunal;http://daten.berlin.de/;Offene Daten Berlin;Offene Datensätze der Stadt Berlin zu verschiedenen Themen;Berlin;Berlin;JA; ;JA;JA;odp; ; ;JA; ; ;13.3250916674199;52.4301518222278;3/24/2021;je nach Ressource ausgewiesen
8;regional;https://geoportal.brandenburg.de/;GDI Brandenburg;Zentraler Zugang zu Geodaten des Landes;Brandenburg;Potsdam; ; ;JA; ;geoda; ; ; ;JA;ja;13.1928483105567;52.4817423179311;3/24/2021;je nach Ressource ausgewiesen
11;kommunal;https://fbinter.stadt-berlin.de/fb/;Geodatenportal Stadt Berlin;Zugang zu Karten und  Daten mit Raumbezug aus der Stadt Berlin.;Berlin;Berlin; ; ;JA; ;geoda; ; ; ;JA;ja;13.3139641;52.4896677;3/24/2021;je nach Ressource ausgewiesen
12;kommunal;https://open-data.bielefeld.de/;Open Data Portal Bielefeld;Zugang zu offene Daten aus den Themenfeldern Infrastruktur, Umwelt, Kima, Transport und Verkehr, Bevölkerung, Soziales, Haushalt, Sport und Freizeit, Bildung;Bielefeld;Bielefeld;JA; ;JA;JA;odp; ; ;JA; ; ;8.535622;52.0217868;3/24/2021;je nach Ressource ausgewiesen
13;national;https://gdz.bkg.bund.de/index.php/default/open-data.html;BKG - Open Data;U.a. offene Geo-Daten für ganz Deutschland;Deutschland;Frankfurt am Main; ;JA;JA; ;geoda; ; ; ;JA;ja;8.76335151545757;50.0942111575517;3/24/2021;Datenlizenz Deutschland - Namensnennung - Version 2.0
14;national;http://www.geoportal.de/;GDI-DE - Geodaten aus Deutschland;Die Suchmaschine für Geodaten zu verschiedensten Themen auf der Ebene von Bund, Ländern und Kommunen.;Deutschland;Frankfurt am Main;JA;JA;JA;JA;geoda; ; ; ;JA;ja;8.69151626331216;50.0410360857202;3/24/2021;je nach Ressource ausgewiesen
15;national;https://www-genesis.destatis.de/;Destatis - Statistisches Bundesamt;Amtlichen Statistik des Statistischen Bundesamtes mit Gliederungstiefen bis auf Kreisbene;Deutschland;Wiesbaden;JA; ;JA;JA;amsta;JA; ; ; ; ;8.28134124691173;50.1431418939419;3/24/2021;Datenlizenz Deutschland - Namensnennung - Version 2.0
16;national;http://data.deutschebahn.com/;Deutsche Bahn Open Data;Offene Daten der DB zu Infrastruktur und Mobilität;Deutschland;Berlin; ;JA; ; ;odp; ; ;JA; ;ja;13.2675070748899;52.5276615371546;3/24/2021;Creative Commons Attribution 4.0 International (CC BY 4.0).
17;national;http://opendata.esri-de.opendata.arcgis.com/;Esri Deutschland Open Data Portal;Open (Geo-)Data auf nationaler Ebene zum Download. Das Portal stellt Open Data-Beiträge von Kunden, von Esri Deutschland sowie ausgewählte  Open Data aus fremden Portalen bereit.;Deutschland;Kranzberg;JA;JA;JA;JA;geoda; ; ;JA;JA;ja;11.6564320618947;48.4235352459243;3/24/2021;je nach Ressource ausgewiesen
18;national;http://offenedaten.de/;Citizen Project Open Data;Von Freiwilligen erstellter Datenkatalog für offene Daten in Deutschland als Ergänzung zu offiziellen Datenportalen der Öffentlichen Verwaltung.;Deutschland;Berlin;JA;JA;JA;JA;odp; ; ;JA; ;ja;13.5196384509117;52.4722296242416;3/24/2021;je nach Ressource ausgewiesen
19;national;https://www.offenesdatenportal.de/;Portal für offene Verwaltungsdaten;Portal für offene Datensätze aus den Kommunalverwaltungen;Deutschland;Kamp-Lintfort;JA; ;JA;JA;odp; ; ;JA; ; ;6.6349184623613;51.4567152629148;3/24/2021;je nach Ressource ausgewiesen
20;national;https://www.govdata.de/;GovData - das Datenportal für Verwaltungsdaten;Zentraler Zugang für Verwaltungsdaten aus Deutschland;Deutschland;Hamburg;JA;JA;JA;JA;odp; ; ;JA; ; ;9.90653723445175;53.643918409935;3/24/2021;je nach Ressource ausgewiesen
21;national;https://www.mcloud.de/;mCLOUD des BMVI;Rechercheplattform zu offenen Daten aus dem Bereich Mobilität und angrenzender Themen.;Deutschland;Bonn; ;JA; ;JA;odp; ; ;JA; ;ja;7.08802118841489;50.7623162671005;3/24/2021;je nach Ressource ausgewiesen
22;kommunal;https://www.bocholt.de/rathaus/planen-bauen-verkehr/geodatenportal/;Geodatenportal Bocholt;Zugang zu Geodaten der Stadt Bocholt;Bocholt;Bocholt; ; ;JA; ;geoda; ; ; ;JA;ja;6.61526319855561;51.8289125473301;3/24/2021;je nach Ressource ausgewiesen
23;kommunal;https://www.bochum.de/opendata;Bochum Open Data;Verschiedene Datensätze der Stadtverwaltung Bochum;Bochum;Bochum;JA; ;JA;JA;odp; ; ;JA; ; ;7.22127681633365;51.4419461208343;3/24/2021;je nach Ressource ausgewiesen
24;kommunal;https://www.bochum.de/geoportal;Geoportal Bochum;Geodaten und Themenkarten Stadt Bochum;Bochum;Bochum; ; ;JA; ;geoda; ; ; ;JA;ja;7.2565529031258;51.5103890088051;3/24/2021;Datenlizenz Deutschland - Namensnennung - Version 2.0
25;kommunal;https://opendata.bonn.de/;Open Data Katalog Bonn;Verschiedene Datensätze, insbesondere aus der Verwaltung, der Stadt Bonn;Bonn;Bonn;JA; ;JA;JA;odp; ; ;JA; ; ;7.13042708471049;50.7548943554456;3/24/2021;je nach Ressource ausgewiesen
10;regional;http://gdi.bremen.de/;GDI Bremen;Zugang zu Geodaten und Geodatendiensten des Landes Bremen für Politik, Verwaltung, Wirtschaft, Wissenschaft und Öffentlichkeit;Bremen;Bremen; ; ;JA; ;geoda; ; ; ;JA;ja;8.74236676283885;53.0864838040096;3/24/2021;je nach Ressource ausgewiesen
27;kommunal;http://www.braunschweig.de/leben/stadtplanung_bauen/geoinformationen/opengeodata.html;Braunschweig Open GeoData;Ausgewählte Geodaten der Stadt zur freien Verwendung durch die Bevölkerung und Wirtschaft;Braunschweig;Braunschweig; ; ;JA; ;geoda; ; ; ;JA;ja;10.511176054665;52.3120955565533;3/24/2021; Datenlizenz Deutschland - Namensnennung - Version 2.0
28;kommunal;http://transparenz.bremen.de/;Transparenzportal Bremen;Offener Zugang zu Dokumenten und Datensätzen (Open Data) der Stadt Bremen.;Bremen;Bremen;JA; ;JA;JA;odp; ; ;JA; ; ;8.83894486539426;53.1087483696347;3/24/2021;je nach Ressource ausgewiesen
29;kommunal;https://www.geoportal.gkd-re.de/castrop-rauxel/casgeoportal;CasGeoportal;Zentrale Geodatenbereitstellung (u.a. Open Data) der Stadt Castrop-Brauxel;Castop-Rauxel;Castop-Rauxel; ; ;JA; ;geoda; ; ; ;JA;ja;7.35901726504653;51.5492080251187;3/24/2021;Datenlizenz Deutschland - Namensnennung - Version 2.0
26;regional;http://www.hamburg.de/gdi-hh;GDI Hamburg;Zentraler Zugang zu Geodaten, Geodatendiensten und Geo-Anwendungen im Rahmen der GDI des Landes Hamburg;Hamburg;Hamburg; ; ;JA; ;geoda; ; ; ;JA;ja;10.1624586115816;53.474482450201;3/24/2021;Datenlizenz Deutschland - Namensnennung - Version 2.0 & zusätzliche Anagen für Geodaten wie ausgewiesen
31;kommunal;https://portal-chemnitz.opendata.arcgis.com/;Open Data Stadt Chemnitz;Open-Data-Portal der Stadt Chemnitz (Stand: 22.6.2018);Chemnitz;Chemnitz;JA; ;JA;JA;odp; ; ;JA; ; ;12.9295439;50.8440895971078;3/24/2021;Datenlizenz Deutschland Namensnennung 2.0 
32;national;https://www.offenesdatenportal.de/;Offenes Datenportal der Kommunen;Portal für offene Verwaltungsdaten;Deutschland;Kamp-Lintfort;JA; ;JA;JA;odp; ; ;JA; ; ;6.5467271;51.4872069;3/24/2021;je nach Ressource ausgewiesen
33;kommunal;https://geoweb.diepholz.de/;GeoWeb Landkreis Diepholz;Geodatenportal des Landkreis Diepholz mit Möglichkeiten der Kartendarstellung sowie Zugang zu offenen Daten  zum Download;Diepholz;Diepholz; ; ;JA; ;geoda; ; ; ;JA;ja;8.45127426397322;52.636374513896;3/24/2021;Datenlizenz Deutschland - Namensnennung - Version 2.0
34;kommunal;https://opendata.dormagen.de;OpenDataDormagen;Open Data Portal der Stadt Dormagen zu unterschiedlichen Themen;Dormagen;Dormagen;JA; ;JA;JA;odp; ; ;JA; ; ;6.817156869207;51.2491619668996;3/24/2021;Datenlizenz Deutschland - Namensnennung - Version 2.0
35;kommunal;https://geo.dortmund.de/;Geoportal Dortmund;Zugang zu raumbezogene Daten der Stadt Dortmund.;Dortmund;Dortmund; ; ;JA; ;geoda; ; ; ;JA;ja;7.46301765589252;51.5690629849714;3/24/2021;Datenlizenz Deutschland - Namensnennung - Version 2.0
36;kommunal;https://opendata.dortmund.de;Open Data Dortmund;Open Data-Portal der Stadt Dortmund mit offenen Daten zu verrschiedenen Themen;Dortmund;Dortmund;JA; ;JA;JA;odp; ; ;JA; ;ja;7.49475832144132;51.5042315559077;3/24/2021;Datenlizenz Deutschland - Zero - Version 2.0
37;kommunal;http://offenesdresden.de/;OffenesDresden.de;Inoffizielle Übersicht über OpenData-Projekte in und um Dresden;Dresden;Dresden;JA;JA;JA;JA;odp; ; ;JA; ;ja;13.8121419640756;50.9762321371299;3/24/2021;je nach Ressource ausgewiesen
38;kommunal;https://opendata.dresden.de;ODP-Dresden;Das Open Data Portal (ODP) der Landeshauptstadt Dresden  (Stand 11.9.2019);Dresden;Dresden;JA;JA;JA;JA;odp; ; ;JA; ;NA;13.6076171709744;51.0179170302149;3/24/2021;Datenlizenz Deutschland - Namensnennung - Version 2.0
39;kommunal;https://opendata-duisburg.de/;Open Data Portal Duisburg;Zugang zu offene Daten aus den Themenfeldern Infrastruktur, Umwelt, Kima, Transport und Verkehr, Bevölkerung, Soziales, Haushalt, Sport und Freizeit, Bildung;Duisburg;Duisburg;JA; ;JA;JA;odp; ; ;JA; ; ;6.7609398;51.4353694;3/24/2021;je nach Ressource ausgewiesen
41;kommunal;https://opendata.duesseldorf.de/;Open Data Düsseldorf;Verwaltungs-, Geo- und Bevölkerungsdaten der Stadt Düsseldorf zu unterschiedlichen Themen;Düsseldorf;Düsseldorf;JA; ;JA;JA;odp; ; ;JA; ; ;6.70180162607307;51.1611715502025;3/24/2021;Datenlizenz Deutschland - Namensnennung - Version 2.0
42;kommunal;https://geoportal.erfurt.de;Geoportal der Landeshauptstadt Erfurt;Offene Geobasis- und Fachdaten der Stadt Erfurt zu verschiedenen Themen;Erfurt;Erfurt;JA; ;JA;JA;geoda; ; ; ;JA;ja;10.9405533256976;50.9625502376448;3/24/2021;je nach Ressource ausgewiesen
43;kommunal;https://www.erlangen.de/desktopdefault.aspx/tabid-1797/4517_read-36365/;Open Data Angebot der Stadt Erlangen. Umfasst demografische Struturdaten im Excelformat;Zugang zu offene Daten für das Stadtgebiet Erlangen;Erlangen;Erlangen;JA; ;JA;JA;odp; ; ;JA; ; ;11.0075813;49.595502;3/24/2021;je nach Ressource ausgewiesen
44;kommunal;https://opendata.essen.de/;Open Data Portal Essen;Zugang zu offene Daten aus den Themenfeldern Infrastruktur, Umwelt, Kima, Transport und Verkehr, Bevölkerung, Soziales, Haushalt, Sport und Freizeit, Bildung;Essen;Essen;JA; ;JA;JA;odp; ; ;JA; ; ;7.0134638;51.4570092;3/24/2021;Datenlizenz Deutschland - Namensnennung - Version 2.0
45;kommunal;http://www.offenedaten.frankfurt.de;offenedaten.frankfurt.de;Offene Daten aus der Stadtverwaltung Frankfurt am Main;Frankfurt am Main;Frankfurt am Main;JA; ;JA;JA;odp; ; ;JA; ; ;8.59075247679281;50.0684996918668;3/24/2021;Datenlizenz Deutschland - Namensnennung - Version 2.0
46;kommunal;"https://geodaten.freiburg.de/geonetwork/srv/eng/catalog.search;jsessionid=7E1A24C402661BCE3BF0D48BC96FC5F5#/home";Geodaten-Portal Freiburg;Offene Geodaten der Stadt Freiburg  zu unterschiedlichen Themen (u.a. Lärm);Freiburg;Freiburg; ; ;JA;JA;geoda; ; ; ;JA;ja;7.79736750858643;48.0029274514905;3/24/2021;je nach Ressource ausgewiesen
47;kommunal;https://fritz.freiburg.de/;Freiburg FRITZ Online Statistics;Rohdaten und rohdatenähnliche Daten der Stadt Freiburg  im Breisgau zur Weiterverarbeitung  ( u.a. offene Daten und Geodaten);Freiburg im Breisgau;Freiburg im Breisgau;JA; ;JA;JA;odp; ; ;JA; ;ja;7.87010314083098;47.9642733594551;3/24/2021;Datenlizenz Deutschland - Namensnennung - Version 2.0
48;kommunal;https://opendata.gelsenkirchen.de/;Offene Daten Gelsenkirchen;Offene Daten aus der Stadtverwaltung  Gelsenkirchen;Gelsenkirchen;Gelsenkirchen;JA; ;JA;JA;odp; ; ;JA; ; ;7.0313721741874;51.47990033122;3/24/2021;Datenlizenz Deutschland - Namensnennung - Version 2.0
49;kommunal;http://www.daten.halle.de;Halle an der Saale Open Data;Offene Daten aus der Stadtverwaltung Halle an der Saale;Halle an der Saale;Halle an der Saale;JA; ;JA;JA;odp; ; ;JA; ; ;11.9269036338038;51.4613389830279;3/24/2021;Creative Commons Namensnennung 3.0 Deutschland (CC-BY 3.0)
30;regional;http://www.geoportal.hessen.de/;GDI Hessen;Zentraler Zugang zu Geodaten, Geodatendiensten und Geo-Anwendungen im Rahmen der GDI Hessen;Hessen;Wiesbaden; ; ;JA; ;geoda; ; ; ;JA;ja;8.17164421003704;50.128943477811;3/24/2021;Datenlizenz Deutschland - Namensnennung - Version 2.0 & zusätzliche Anagen für Geodaten wie ausgewiesen
40;regional;http://www.geoportal-mv.de/;GDI Mecklenburg-Vorpommern;Zentraler Zugang zu Geodaten des Landes;MV;Schwerin; ; ;JA; ;geoda; ; ; ;JA;ja;11.4330766328815;53.6637888051962;3/24/2021;je nach Ressource ausgewiesen
52;kommunal;http://daten.hamburg.de/;Transparenzportal Hamburg;Offener Zugang zu Dokumenten und Datensätzen (Open Data) der Stadt Hamburg;Hamburg;Hamburg;JA; ;JA;JA;odp; ; ;JA; ; ;10.0304457786348;53.6516906755854;3/24/2021;je nach Ressource ausgewiesen
50;regional;https://www.geodaten.niedersachsen.de;GDI Niedersachsen;Zentraler Zugang zu Geodaten des Landes;Niedersachsen;Hannover; ; ;JA; ;geoda; ; ; ;JA;ja;9.78704075300639;52.4454516771227;3/24/2021;je nach Ressource ausgewiesen
51;regional;https://www.geoportal.nrw/;GDl NRW;Zentraler Zugang zu Geodaten des Landes;NRW;Bonn; ; ;JA; ;geoda; ; ; ;JA;ja;7.04100771536489;50.6300419254231;3/24/2021;je nach Ressource ausgewiesen
53;regional;https://open.nrw/;Open.NRW;Open Data-​Plattform für Verwaltungsdaten der Landesregierung NRW;NRW;Düsseldorf;JA; ;JA;JA;odp; ; ;JA; ;ja;6.70850543391087;51.2314808879801;3/24/2021;je nach Ressource ausgewiesen
54;regional;http://www.geoportal.rlp.de/;GDI Rheinland-Pfalz;Zentraler Zugang zu Geodaten des Landes;Rhein­land-Pfalz;Koblenz; ; ;JA; ;geoda; ; ; ;JA;ja;7.58472409095872;50.3750313969943;3/24/2021;je nach Ressource ausgewiesen
55;regional;https://daten.rlp.de/;Open-Government-Data-Portal Rheinland-Pfalz  (OGDP-RP);Open Data-​Plattform für Verwaltungsdaten der Landesregierung Rheinland-Pfalz;Rheinland-Pfalz;Main;JA; ;JA;JA;odp; ; ;JA; ; ;8.22318091644772;49.9557821820696;3/24/2021;je nach Ressource ausgewiesen
56;regional;http://geoportal.saarland.de/;GDI Saarland;Zentraler Zugang zu Geodaten des Landes;Saarland;Saarbrücken; ; ;JA; ;geoda; ; ; ;JA;ja;6.95079331127105;49.2774313467088;3/24/2021;je nach Ressource ausgewiesen
57;regional;http://www.gdi.sachsen.de/;GDI Sachsen;Zentraler Zugang zu Geodaten des Landes;Sachsen;Dresden; ; ;JA; ;geoda; ; ; ;JA;ja;13.8786097677126;51.1051566319627;3/24/2021;je nach Ressource ausgewiesen
58;regional;http://www.opendata.sachsen.de;Open Data Freistaat Sachsen;Open Data-​Plattform für Verwaltungsdaten der Landesregierung Sachsen;Sachsen;Dresden;JA; ;JA;JA;odp; ; ;JA; ; ;13.673577166433;51.1469598284533;3/24/2021;Datenlizenz Deutschland - Namensnennung - Version 2.0
59;regional;http://www.lvermgeo.sachsen-anhalt.de/de/main.htm;Landesvermessung Sachsen-Anhalt;kostenfreie und Geobasisdaten des Landes;Sachsen-Anhalt;Magdeburg; ; ;JA; ;fachda; ;JA; ; ;ja;11.6689491913484;52.1519568822829;3/24/2021;Datenlizenz Deutschland - Namensnennung - Version 2.0
62;kommunal;https://www.hannover.de/Leben-in-der-Region-Hannover/Verwaltungen-Kommunen/Die-Verwaltung-der-Landeshauptstadt-Hannover/Dezernate-und-Fachbereiche-der-LHH/Baudezernat/Fachbereich-Planen-und-Stadtentwicklung/Geoinformation/Open-GeoData;Open GeoData Hannover;Kostenlose Geodaten der Stadtverwaltung Hannover;Hannover;Hannover; ; ;JA; ;geoda; ; ; ;JA;ja;9.86283852925953;52.3904883658949;3/24/2021;Datenlizenz Deutschland - Namensnennung - Version 2.0
63;kommunal;https://www.opendata-hro.de/;OpenData.HRO;Verschiedene Datensätze, insbesondere aus der Verwaltung,  der Hansestadt Rostock.;Rostock;Rostock;JA; ;JA;JA;odp; ; ;JA; ; ;12.0699808518825;54.0485579133931;3/24/2021;je nach Ressource ausgewiesen
64;kommunal;https://geoportal.heilbronn.de/;Geodatenportal der Stadt Heilbronn;Geoportal der Stadt Heilbronn mit Daten und Karten zu verschieden Themen;Heilbronn;Heilbronn; ; ;JA; ;geoda; ; ; ;JA;ja;9.23600201456042;49.108744548223;3/24/2021;je nach Ressource ausgewiesen
65;kommunal;http://www.herne.de/Stadt-und-Leben/Stadtfakten/Open-Data/;Herne Open Data;Verschiedene Datensätze, insbesondere aus der Verwaltung,  der Stadt Herne.;Herne;Herne;JA; ;JA;JA;odp; ; ;JA; ; ;7.17912460822637;51.5636639691024;3/24/2021;Datenlizenz Deutschland - Namensnennung - Version 2.0
66;international;https://data.europa.eu/euodp/de/data/;Offenes Datenportal der EU;Zentraler Zugang zu weiterverwendbaren Daten über einen Metadatenkatalog.;Europa;Brüssel; ; ;JA;JA;odp; ; ;JA; ;ja;7.8055422214438;48.6230812147526;3/24/2021;Creative Commons Attribution 4.0 International (CC BY 4.0)
60;regional;http://www.gdi-sh.de/;GDI Schleswig-Holstein;Zentraler Zugang zu Geodaten des Landes;Schleswig-Holstein;Kiel; ; ;JA; ;geoda; ; ; ;JA;ja;10.2085432293872;54.3541785120131;3/24/2021;je nach Ressource ausgewiesen
68;kommunal;https://www.hochsauerlandkreis.de/hochsauerlandkreis/offene-daten;Geobasisdaten Hochsauerlandkreises;Zugang zu GeoBasiskarten- und Daten;Hochsauerlandkreis;Meschede; ; ;JA; ;geoda; ; ; ;JA;ja;8.2837291;51.3429783;3/24/2021;je nach Ressource ausgewiesen
69;kommunal;https://geoportal.hohenlohekreis.de;HOKis-Geoportal;Raumbezogene und verwaltungsnahe Informationen für Bürgerinnen und Bürger, Wirtschaft und Dienstleister;Hohenlohe Kreis;Künzelsau; ; ;JA; ;geoda; ; ; ;JA;ja;9.69182610984558;49.2728346729795;3/24/2021;je nach Ressource ausgewiesen
70;kommunal;https://www.kreis-hoexter.de/standort-umwelt/geodatenportal/index.html;Geodatenportal Höxter;Das Geodatenportal mit Zugang zu (u.a. offenen) Geodaten des Kreises.;Höxter;Höxter; ; ;JA; ;geoda; ; ; ;JA;ja;9.3879518;51.7782508973192;3/24/2021;je nach Ressource ausgewiesen
61;regional;http://www.geoportal-th.de/;GDI Thüringen;Zentraler Zugang zu Geodaten des Landes;Thüringen;Erfurt; ; ;JA; ;geoda; ; ; ;JA;ja;11.0632565016091;51.0462060570546;3/24/2021;je nach Ressource ausgewiesen
72;kommunal;http://opendata.jena.de/;Jena OpenData;Offener Zugang zu Dokumenten und Datensätzen (Open Data) der Stadt Jena.;Jena;Jena;JA; ;JA;JA;odp; ; ;JA; ; ;11.5876823;50.9288545971278;3/24/2021;je nach Ressource ausgewiesen
71;regional;http://geoportal.metropolregion.hamburg.de/;Geoportal der Metropolregion Hamburg;Zentraler Zugriffspunkt auf eine Vielzahl von Geodaten der angeschlossenen Länder, Kreise, Landkreise und Kommunen in en norddeutschen Ländern Schleswig-Holstein, Hamburg, Niedersachsen und Mecklenburg Vorpommern sowie den Kreisen, Landkreisen und kreisfreien Städten der Metropolregion Hamburg;Metropolregion Hamburg;Hamburg;JA;JA;JA;JA;geoda; ; ; ;JA;ja;9.81416889085143;53.5942638599883;3/24/2021;je nach Ressource ausgewiesen
73;regional;http://www.gdi-sw.de;GDI-Südwestfalen;Zentraler Zugang zu den Geoportalen im Bereich Südwestfalen;Südwestfalen;Hemer; ; ;JA; ;geoda; ; ; ;JA;ja;7.7809479981467;51.3855722472327;3/24/2021;je nach Ressource ausgewiesen
74;regional;http://www.geoportal-niederrhein.de;Geoportal Niederrhein;Gemeinsames Geoportal der Kreise Kleve, Viersen und Wesel, der Stadt Krefeld und dem kommunalen Rechenzentrum Niederrhein mit Daten aus verschiedenen Themenbereichen;Niederrhein;Kamp-Lintfort;JA; ;JA;JA;geoda; ; ; ;JA;ja;6.49847354431722;51.5006883708014;3/24/2021;je nach Ressource ausgewiesen
76;kommunal;https://transparenz.karlsruhe.de/;Karlsruhe Open Data;Offener Zugang zu Dokumenten und Datensätzen (Open Data) der Stadt Karlsruhe;Karlsruhe;Karlsruhe;JA; ;JA;JA;odp; ; ;JA; ;ja;8.43329893440505;49.0611091786888;3/24/2021;Creative Commons Namensnennung 3.0 Deutschland (CC-BY 3.0)
77;kommunal;https://transparenz.karlsruhe.de/;Transparenzportal Karlsruhe;Anlaufstelle für offene Daten und Dokumente der Stadt Karlsruhe. Themen: Umwelt, Bevölkerung, Bildung, Sicherheit & Ordnung, Soziales, Verkehr, Haushalt, Geodaten;Karlsruhe;Karlsruhe;JA; ;JA;JA;odp; ; ;JA; ; ;8.4032455;49.0086234;3/24/2021;Creative Commons Namensnennung 3.0 Deutschland Lizenz (CC-BY-3.0)
78;kommunal;https://www.kiel.de/de/kiel_zukunft/statistik_kieler_zahlen/open_data/;Open Data Kiel;Open Data der Kieler Stadtverwaltung zu verschiedenen Themen;Kiel;Kiel;JA; ;JA;JA;odp; ; ;JA; ;ja;10.1862647804662;54.3402660071129;3/24/2021;Datenlizenz Deutschland - Namensnennung - Version 2.0
75;regional;https://gdi-suedhessen.de/;GDI-Südhessen;Zentraler Zugang zu den Geoportalen  Frankfurt/Rhein-Main, der Stadt Offenbach, dem Land Hessen und weiteren Kreisen;Südhessen;Heppenheim; ; ;JA; ;geoda; ; ; ;JA;ja;8.615646;49.6405587968063;3/24/2021;je nach Ressource ausgewiesen
79;regional;https://www.geoportal-raumordnung-bw.de/;Geoportal Raumordnung Baden-Württemberg;Zentraler Zugangspunkt zu den Geodaten im Bereich der Landesplanung, Regionalplanung und kommunaler Bauleitplanung im Land.;Baden-Württemberg;Karlsruhe; ; ;JA; ;geoda; ; ; ;JA;ja;8.32013662932722;48.9746895905492;3/24/2021;je nach Ressource ausgewiesen
80;regional;http://www.geoportal-ostwuerttemberg.de;Regionalverband Ostwürttemberg;Portal des Regionalverbandes mit Links zu relevanten Statistik- und Geoportalen;Region Ostwürtemberg;Schwäbisch Gmünd; ; ;JA; ;geoda; ; ; ;JA;ja;9.74572113045097;48.7828707692271;3/24/2021;je nach Ressource ausgewiesen
81;regional;https://www.region-stuttgart.org/information-und-download/geoinformationen/;RegioRISS - Regionales Rauminformationssystem Stuttgart;Daten und Karten der Regionalplanung;Region Stuttgart;Stuttgart; ; ;JA;JA;geoda; ; ; ;JA;ja;9.10699107228019;48.8332892283309;3/24/2021;je nach Ressource ausgewiesen
83;kommunal;https://www.offenedaten-koeln.de/;Offene Daten Köln;Offene Daten der Stadt Köln auf Offenedaten.de;Köln;Köln;JA; ;JA;JA;odp; ; ;JA; ; ;6.95374662562515;50.974367403996;3/24/2021;Creative Commons Namensnennung 3.0 Deutschland (CC-BY 3.0)
84;kommunal;https://openair.cologne;OpenAir Sensors Cologne;Citizen Science Projekt zur Untersuchung der Atemluft im Raum Köln. Mithilfe von einfachen Sensoren wird v.a. der Gehalt an Stickstoffoxid (NO2) erfasst, welcher in der Region Probleme verursacht. (Stand: 28.3.2018);Köln;Köln; ; ; ;JA;odp; ; ;JA; ; ;6.98576902881176;50.9096683782482;3/24/2021;Lizenz Creative Commons Attribution 4.0 International (CC BY 4.0)
85;kommunal;https://offenedaten-konstanz.de/;Open Data Portal Konstanz;Zugang zu offene Daten aus den Themenfeldern Infrastruktur, Umwelt, Kima, Transport und Verkehr, Bevölkerung, Soziales, Haushalt, Sport und Freizeit, Bildung;Konstanz;Konstanz;JA; ;JA;JA;odp; ; ;JA; ; ;9.17582;47.66033;3/24/2021;je nach Ressource ausgewiesen
86;kommunal;https://www.offenesdatenportal.de/organization/krefeld;Krefeld Open Data;Open Data Portal der Stadt Krefeld zu verschiedenen Themenbereichen auf Offenedaten.de;Krefeld;Krefeld;JA; ;JA;JA;odp; ; ;JA; ; ;6.57631417243855;51.2737502953402;3/24/2021;Datenlizenz Deutschland - Namensnennung - Version 2.0
87;kommunal;https://kreis-borken.de/de/land-leute/kreisportrait/geodatenatlas/;GeoDatenAtlas Borken;Zusammenstellung OGC konformer Kartendienste der Kreisverwaltung Borken;Kreis Borken;Borken; ; ;JA; ;geoda; ; ; ;JA;ja;6.8582247;51.8443182973335;3/24/2021;je nach Ressource ausgewiesen
88;kommunal;https://data-lra-cha.opendata.arcgis.com/;Open Data Cham;Informationen zum Landkreis Cham aus dem interkommunalen Geoinformationssystem. Themenfelder: Bevölkerung, Soziales, Umwelt, Bildung, Sicherheit, Verkehr, etc.;Kreis Cham;Cham;JA; ;JA;JA;odp; ; ;JA; ; ;12.6724437;49.2254044;3/24/2021;Creative Commons Namensnennung 3.0 Deutschland Lizenz (CC-BY-3.0)
89;kommunal;https://www.offenesdatenportal.de/organization/kreis-kleve;Kreis Kleve Open Data;Open Data Portal des Kreises Kleve zu verschiedenen Themenbereichen;Kreis Kleve;Kleve;JA; ;JA;JA;odp; ; ;JA; ; ;6.17999189706932;51.8050706319362;3/24/2021;Datenlizenz Deutschland - Namensnennung - Version 2.0
82;regional;http://www.georhena.eu/;GeoRhena;Grenzüberschreitendes Projekt zwischen Deutschland, Frankreich und der Schweiz zur geografischen Erfassung der Oberrhein-Region.;Region Oberrhein;Colmar; ; ;JA; ;geoda; ; ; ;JA;ja;7.3653358;48.078069596364;3/24/2021;je nach Ressource ausgewiesen
91;kommunal;http://geo.kreislippe.de;Geoportal des Kreises Lippe;Das Geoportal des Kreises Lippe zu verschiedenen Themen;Kreis Lippe;Detmold;JA;JA;JA;JA;geoda; ; ; ;JA;ja;8.84849760952906;51.9370884973532;3/24/2021;je nach Ressource ausgewiesen
92;kommunal;https://www.minden-luebbecke.de/Service/GEOportal;GEOportal Kreis Minden-Lübbecke;Im  Geoportal werden öffentliche Geodaten und Fachinformationen in interaktiven Karten kostenfrei zur Verfügung gestellt.;Kreis Minden-Lübbecke;Minden; ; ;JA; ;geoda; ; ; ;JA;ja;8.80891924070776;52.2392312798936;3/24/2021;je nach Ressource ausgewiesen
93;kommunal;https://geoportal.kreis-rd.de/;Geoportal Kreis Rendsburg-Eckernförde;Web-GIS mit Bodenrichtwerten, Kinderbetreuungsatlas und Schulinformationen zum Kreis Rendsburg-Eckernförde;Kreis Rendsburg-Eckernförde;Rendsburg; ; ;JA; ;geoda; ; ; ;JA;ja;9.66935308056105;54.2975471477983;3/24/2021;je nach Ressource ausgewiesen
94;kommunal;https://gis-kreis-steinfurt.opendata.arcgis.com/;Open Data Portal  Kreis Steinfurt;Offene Daten des Kreis Steinfurt, inlusive Geodaten und API;Kreis Steinfurt;Steinfurt; ; ;JA;JA;geoda; ; ; ;JA;ja;7.3446;52.149899997398;3/24/2021;Datenlizenz Deutschland - Namensnennung - Version 2.0
95;kommunal;https://geoportal.landau.de/;Geoportal Landau;Geodatenportal der Stadt Landau mit Daten und Karten zu verschiedenen Themen;Landau;Landau; ; ;JA; ;geoda; ; ; ;JA;ja;8.11142019873167;49.1982841466871;3/24/2021;je nach Ressource ausgewiesen
96;kommunal;http://cardomap.idu.de/lrabz/;Geoportal des Landkreises Bautzen;Kartenmaterial des Landkreises Bautzen;Landkreis Bautzen;Bautzen; ; ;JA; ;geoda; ; ; ;JA;ja;14.4298995274906;51.175540397185;3/24/2021;Datenlizenz Deutschland - Namensnennung - Version 2.0
97;kommunal;https://www.landkreis-cham.de/service-beratung/geoinformationen/;Interkommunale Geoinformationssystem des Landkreises Cham (IkGIS-Cham);Kommunale Geodateninfrastruktur für Verwaltung, Bürger und Wirtschaft des Landkreises Cham;Landkreis Cham;Cham; ; ;JA; ;geoda; ; ; ;JA;ja;12.7202135800274;49.242166766791;3/24/2021;je nach Ressource ausgewiesen
98;kommunal;https://data-lra-cha.opendata.arcgis.com/;OpenData – Lankreis Cham;Offene Daten aus der zentralen Datenbank des interkommunalen Geoinformationssystems (IkGIS-Cham).;Landkreis Cham;Cham;JA; ;JA;JA;odp; ; ;JA; ;ja;12.6232158696419;49.2084804376458;3/24/2021;Creative Commons Namensnennung 3.0 Deutschland (CC-BY 3.0)
99;kommunal;https://daten.diepholz.de/;Open Data Landkreis Diepholz;Offenes Datenportal des Landkreises Diepholz mit offenen Daten zu verschiedenen Themen.;Landkreis Diepholz;Diepholz;JA; ;JA;JA;odp; ; ;JA; ;ja;8.35031060735052;52.5990692180065;3/24/2021;Datenlizenz Deutschland - Namensnennung - Version 2.0
100;national;https://www.ioer-monitor.de/;IÖR-Monitor;Der Monitor der Siedlungs- und Freiraumentwicklung (IÖR-Monitor) stellt Informationen zur Flächennutzung und Landschaftsqualität in Deutschland.;Deutschland;Dresden; ;JA;JA;JA;fachda; ;JA; ; ;ja;13.5980930846208;51.0910442312586;3/24/2021;je nach Ressource ausgewiesen
101;international;https://www.europeandataportal.eu/;Europäisches Datenportal;Das Europäische Datenportal bündelt Datenbestände aus öffentlichen Datenportalen in europäischen Ländern.;Europa;Brüssel;JA;JA;JA;JA;odp; ; ;JA; ;ja;4.3520444;50.8465161;3/24/2021;je nach Ressource ausgewiesen
102;kommunal;http://www.lkee.de/Service-Verwaltung/Geoportal;Geoportal Landkreis Elbe-Elster;Geoportal des Lankreises Elbe-Elster mit Flächennutzungsplänen, Bebauungspläne, Landschaftspläne und ausgewählten Geodaten;Landkreis Elbe-Elster;Herzberg; ; ;JA; ;geoda; ; ; ;JA;ja;13.2375496;51.6934608973008;3/24/2021;je nach Ressource ausgewiesen
103;kommunal;https://www.landkreis-emmendingen.de/index.php?id=199;Interaktive Kreiskarte Landkreis Emmedingen;Umweltdaten- und Karten des Landkreises Emmendingen;Landkreis Emmedingen;Emmedingen; ; ;JA;JA;geoda; ; ; ;JA;ja;7.8486905;48.1199470963766;3/24/2021;je nach Ressource ausgewiesen
104;kommunal;https://www.o-p-r.info/mb3-opr/app.php/application/geoportal;Geoportal Ostprignitz-Ruppin;Geoportal mit Karten und Daten des Landkreis OPR;Landkreis Ostprignitz-Ruppin;Neuruppin; ; ;JA; ;geoda; ; ; ;JA;ja;12.8099237;52.9259999975532;3/24/2021;je nach Ressource ausgewiesen
105;kommunal;https://www.landkreis-regensburg.de/unser-landkreis/landkreisatlas/;Landkreisatlas Regensburg;Zugang zu räumlichen Informationen des Landkreis Regensburg, u.a. mit topographische Inhalten, Verwaltungsinformationen. Die Nutzung für private, nichtkommerzielle Zwecke ist bis auf Widerruf kostenfrei, siehe Nutzungsbedingungen.;Landkreis Regensburg;Regensburg; ; ;JA; ;geoda; ; ; ;JA;ja;12.0522783376554;49.0011842557285;3/24/2021;je nach Ressource ausgewiesen
106;national;http://metaver.de;Metaver – MetadatenVerbund;Zentraler Zugangspunkt zu den Umwelt und GDI-Metadaten aus  Brandenburg, Bremen, Hamburg, Mecklenburg-Vorpommern, Saarland und Sachsen-Anhalt;Deutschland;Hamburg; ; ;JA;JA;odp; ; ;JA; ;ja;10.1885780448099;53.5468763084483;3/24/2021;je nach Ressource ausgewiesen
90;regional;http://www.metropoleruhr.de/regionalverband-ruhr/karten-geodaten.html;Regionalverband Ruhr – Karten und Geodaten;Karten und Geodaten der Metropole Ruhr;Ruhrgebiet;Essen; ; ;JA; ;geoda; ; ; ;JA;ja;7.10882878390505;51.4267224615443;3/24/2021;je nach Ressource ausgewiesen
108;international;http://ec.europa.eu/eurostat/;Eurostat – Statistisches Amt der EU;Amtliche Statistiken für die Europäische Union;Europa;Luxemburg;JA; ; ;JA;amsta;JA; ; ; ;ja;6.21690625845664;49.6515143511032;3/24/2021;Lizenz Creative Commons Attribution 4.0 International (CC BY 4.0)
109;international;http://ec.europa.eu/eurostat/web/gisco/;GISCO – Das Geographische Informationssystem der Kommission;Geographische Informationen, z.B. Geobasisdaten  auf drei Ebenen: unionsweit, nach EU-Land, nach Region;Europa;Luxemburg;JA; ;JA;JA;geoda; ; ; ;JA;ja;6.12396752658662;49.6123548210067;3/24/2021;Lizenz Creative Commons Attribution 4.0 International (CC BY 4.0) plus Zusatz © EuroGeographics
107;regional;http://numis.niedersachsen.de/;NUMIS – Das Niedersächsische Umweltportal;Umweltdatenportal des Landes Niedersachsen;Niedersachsen;Hannover; ; ; ;JA;fachda; ;JA; ; ;ja;9.70745284179398;52.3101631260465;3/24/2021;je nach Ressource ausgewiesen
110;regional;https://www.laiv-mv.de/Statistik/;Statistisches Landesamt Mecklenburg-Vorpommern;Amtliche Statistiken und Berichte des Landes Mecklenburg-Vorpommern;MV;Schwerin;JA;JA;JA; ;amsta;JA; ; ; ; ;11.3271747037387;53.6290374209337;3/24/2021;Datenlizenz Deutschland - Namensnennung - Version 2.0
111;regional;https://www.statistik-bw.de/;Statistisches Landesamt Baden-Württemberg;Amtliche Statistiken und Berichte des Landes Baden-Württemberg;Baden-Württemberg;Stuttgart;JA;JA;JA; ;amsta;JA; ; ; ; ;9.14187126584275;48.7108060518047;3/24/2021;Datenlizenz Deutschland - Namensnennung - Version 2.0
112;regional;https://www.statistik.bayern.de;Bayerisches Landesamt für Statistik;Amtliche Statistiken und Berichte des Freistaates Bayern;Bayern;Fürth;JA;JA;JA; ;amsta;JA; ; ; ; ;10.9888943112725;49.461668552841;3/24/2021;Datenlizenz Deutschland - Namensnennung - Version 2.0
113;regional;http://statistik-nord.de/;Statistisches Amt für Hamburg und Schleswig-Holstein;Amtliche Statistiken und Berichte des Statistikamtes Nord für Hamburg und Schleswig-Holstein mit Standorten in Hamburg und Kiel;Hamburg, Schleswig-Holstein;Hamburg;JA;JA;JA; ;amsta;JA; ; ; ; ;10.1382391663361;53.6145914528793;3/24/2021;Datenlizenz Deutschland - Namensnennung - Version 2.0
114;regional;http://statistik-hessen.de/;Hessisches Statistisches Landesamt;Amtliche Statistiken und Berichte des Landes Hessen;Hessen;Wiesbaden;JA;JA;JA; ;amsta;JA; ; ; ; ;8.13603195213617;50.0607572515181;3/24/2021;Datenlizenz Deutschland - Namensnennung - Version 2.0
115;regional;http://www.statistik.niedersachsen.de/;Landesamt für Statistik Niedersachsen;Amtliche Statistiken und Berichte des Landes Niedersachsen;Niedersachsen;Hannover;JA;JA;JA; ;amsta;JA; ; ; ; ;9.7154744;52.3474126974388;3/24/2021;Datenlizenz Deutschland - Namensnennung - Version 2.0
116;regional;https://www.statistik.rlp.de;Statistisches Landesamt Rheinland-Pfalz;Amtliche Statistiken und Berichte des Landes Rheinland-Pfalz;Rheinland-Pfalz;Bad Ems;JA;JA;JA; ;amsta;JA; ; ; ; ;7.7108601010334;50.3602236934006;3/24/2021;Datenlizenz Deutschland - Namensnennung - Version 2.0
117;regional;https://www.saarland.de/statistik.htm;Statistisches Amt Saarland;Amtliche Statistiken und Berichte des Saarlandes;Saarland;Saarbrücken;JA;JA;JA; ;amsta;JA; ; ; ; ;7.04445063470545;49.2469485641077;3/24/2021;Datenlizenz Deutschland - Namensnennung - Version 2.0
118;regional;https://www.statistik.sachsen.de/;Statistisches Landesamt des Freistaates Sachsen;Amtliche Statistiken und Berichte des Freistaates Sachsen (Stand: 12.02.2018);Sachsen;Kament;JA;JA;JA; ;amsta;JA; ; ; ; ;14.1104003;51.2847392972099;3/24/2021;Datenlizenz Deutschland - Namensnennung - Version 2.0
119;regional;http://www.statistik.sachsen-anhalt.de/;Statistische Landesamt Sachsen-Anhalt;Amtliche Statistiken und Berichte des Landes Sachsen-Anhalt;Sachsen-Anhalt;Halle;JA;JA;JA; ;amsta;JA; ; ; ; ;12.0281536896589;51.4955902699475;3/24/2021;Datenlizenz Deutschland - Namensnennung - Version 2.0
121;national;https://www.openstreetmap.de;OpenStreetmap Deutschland;Deutschsprachige Seite des internationalen OpenStreetMap Projektes. Es beinhaltet eine freie digitale Weltkarte und freie Geodaten;Weltweit;Kirchzarten; ;JA;JA; ;geoda; ; ; ;JA;ja;7.98307968313597;47.9641591963295;3/24/2021;Open Database Lizenz (OdbL)
122;kommunal;https://www.landkreis-rostock.de/landkreis/kreisverwaltung/katasteramt/kartenthemen/index.html;Geoportal Landkreis Rostock;Geoportal des Landkreises mit ausgesuchten offenen Daten;Landkreis Rostock;Bad Doberan; ; ;JA; ;geoda; ; ; ;JA;ja;11.9039450089883;54.1059815477663;3/24/2021;je nach Ressource ausgewiesen
123;national;https://gis.uba.de/;Umweltbundesamt;Metadatenkatalog des Umweltbundesamtes;Deutschland;Dessau; ; ; ;JA;fachda; ;JA; ; ;ja;12.239350587032;51.842500847333;3/24/2021;je nach Ressource ausgewiesen
120;regional;http://statistik.thueringen.de;Thüringer Landesamt für Statistik (TLS);Amtliche Statistiken und Berichte des Freistaates Thüringen;Thüringen;Erfurt;JA;JA;JA; ;amsta;JA; ; ; ; ;10.9536516541131;51.0325108431069;3/24/2021;Datenlizenz Deutschland - Namensnennung - Version 2.0
125;kommunal;http://www.kreis-soest.de/gis/start/opendata/opendata.php;Open GeoData – Kreis Soest;Geodatendienste und -Dateidownloads des Kreises Soest zu ausgesuchten Themen;Landkreis Soest;Landkreis Soest; ; ;JA;JA;geoda; ; ; ;JA;ja;8.16387643169341;51.5912874586448;3/24/2021;je nach Ressource ausgewiesen
126;kommunal;http://geoportal.lkspn.de/;Geoportal Lankreis Spree-Neiße;Kommunales Geoportal mit WMS und WFS Diensten sowie Kartenanwendungen zu verschiedenen Themen;Landkreis Spree-Neiße;Forst; ; ;JA;JA;geoda; ; ; ;JA;ja;14.6524217743578;51.749684297313;3/24/2021;je nach Ressource ausgewiesen
127;kommunal;http://geoportal.teltow-flaeming.de;Geoportal Landkreis Teltow-Fläming;Geodaten, Dienste und Metadaten des Landkreises;Landkreis Teltow-Fläming;Luckenwalde; ; ;JA; ;geoda; ; ; ;JA;ja;13.169404856353;52.0842935973843;3/24/2021;je nach Ressource ausgewiesen
128;national;http://cdc.dwd.de/portal;Climate Data Center Portal;Das CDC-Portal des DWD bietet offen zugängliche Klimadaten;Deutschland;Offenbach; ; ; ;JA;fachda; ;JA; ; ;ja;8.79504631792385;50.121554329973;3/24/2021;je nach Ressource ausgewiesen
129;national;https://www.dwd.de/DE/leistungen/opendata/opendata.html;Deutscher Wetterdienst (DWD);Geodaten wie Modellvorhersagen, Radardaten, aktuelle Mess- und Beobachtungsdaten sowie eine große Zahl von Klimadaten;Deutschland;Offenbach; ; ; ;JA;fachda; ;JA; ; ;ja;8.69917092800988;50.0845318785016;3/24/2021;je nach Ressource ausgewiesen
130;kommunal;http://geoportal-vg.de/geoportal/;Geoportal Landkreis Vorpommern-Greifswald;Geoportal des Landkreises mit ausgesuchten offenen Daten, z.B. zu INSPIRE Themen;Landkreis Vorpommern-Greifswald;Greifswald; ; ;JA; ;geoda; ; ; ;JA;ja;13.3890346;54.0862614977628;3/24/2021;je nach Ressource ausgewiesen
124;regional;http://www.thueringen.de/th8/tlug/aktuelle_messwerte/;Thüringer Landesanstalt für Umwelt und Geologie;Karten- und und Messwerte zur Umwelt, Luftqualität, Naturschutz, Geologie, Seismologie, Hydrologie, Luft, Lärm, Emissionen, Hochwasserrisikomanagement etc. als JPG oder pdf;Thüringen;Jena; ; ; ;JA;fachda; ;JA; ; ;ja;11.59678045;50.8841739971173;3/24/2021;je nach Ressource ausgewiesen
132;national;https://www.statistikportal.de/;Statistikportal;Gemeinsames Statistikportal des Bundes und der Länder (Deutschland);Deutschland;Wiesbaden;JA; ;JA;JA;amsta;JA; ; ; ;ja;8.31931248422518;50.0209870662387;3/24/2021;Datenlizenz Deutschland - Namensnennung - Version 2.0
131;regional;https://www.umweltkarten.mv-regierung.de/atlas/script/index.php;Kartenportal Umwelt Mecklenburg-Vorpommern;Kartenportal des Landesamts für Umwelt, Naturschutz und Geologie;MV;Güstrow; ; ; ;JA;fachda; ;JA; ; ;ja;12.2243110293228;53.791909817175;3/24/2021;je nach Ressource ausgewiesen
134;national;https://www.zensus2011.de;Zensus 2011;Bevölkerungsstatistiken nach dem Zensus 2011 zum Download;Deutschland;Wiesbaden;JA; ; ; ;amsta;JA; ; ; ; ;8.20988372233747;50.0068254378331;3/24/2021;Datenlizenz Deutschland - Namensnennung - Version 2.0
133;regional;http://www.regionalmonitoring-statistik.niedersachsen.de/; Regionalmonitoring Niedersachsen;Verknüpfung von Daten des Landesamtes für Statistik (LSN) mit kartographischen Darstellungen. Intergriert sind Daten für Hamburg und Bremen;Niedersachsen, Bremen, Hamburg;Hannover;JA;JA;JA;JA;amsta;JA; ; ; ;ja;9.82291778845788;52.3228759393242;3/24/2021;je nach Ressource ausgewiesen
135;regional;http://udo.lubw.baden-wuerttemberg.de/public/;Daten- und Kartendienst der LUBW;Zugriff auf ausgewählte Umweltdaten und digitale Kartenbestände;Baden-Württemberg;Stuttgart; ; ; ;JA;fachda; ;JA; ; ;ja;9.21406718475524;48.8465915033756;3/24/2021;je nach Ressource ausgewiesen
136;regional;https://www.uvo.nrw.de/;NRW Umweltdaten vor Ort;Umweltinformationssystem Nordrhein-Westfalen mit Verweisen auf basierenden Datenquellen;NRW;Düsseldorf; ; ;JA;JA;fachda; ;JA; ; ;ja;6.69445731971252;51.2158997204464;3/24/2021;je nach Ressource ausgewiesen
137;regional;https://www.stmuv.bayern.de/;Umweltinformationssysteme Bayern;Einstiegspunkt zu verschiedenen Umweltinformationssystemen Bayerns (Umweltnavigator, Ozonmesswerte, Luftschadstoffe, Grundwasserstände, etc.);Bayern;München; ; ; ;JA;fachda; ;JA; ; ; ;11.6358953409558;48.2188554117531;3/24/2021;je nach Ressource ausgewiesen
138;regional;https://www.berlin.de/umwelt/;Umweltportal Berlin (ISU Berlin);Einstiegspunkt zu verschiedenen Umweltinformationssystemen des Landes Berlin;Berlin;Berlin; ; ; ;JA;fachda; ;JA; ; ;ja;13.2866810555297;52.544443415425;3/24/2021;je nach Ressource ausgewiesen
139;regional;https://luis-bb.brandenburg.de/;Landschafts- und Umweltinformationssytem Brandenburg;Open Data des UmweltInformationssystems Brandenburg;Brandenburg;Potsdam; ; ; ;JA;fachda; ;JA; ; ;ja;12.9636208966048;52.3782847861748;3/24/2021;je nach Ressource ausgewiesen
140;regional;http://www.umwelt.bremen.de/;Umweltinformation Bremen;Einstiegspunkt zu verschiedenen Umweltdaten des Landes Bremen;Bremen;Bremen; ; ; ;JA;fachda; ;JA; ; ;ja;8.82264983527339;53.0472704908314;3/24/2021;je nach Ressource ausgewiesen
141;regional;http://www.uis-mv.de/;Umweltinformationssystem Mecklenburg-Vorpommern;Einstiegspunkt zu verschiedenen Umweltinformatdaten des Landes Mecklenburg-Vorpommern;MV;Güstrow; ; ; ;JA;fachda; ;JA; ; ;ja;12.1174398763388;53.7578495078936;3/24/2021;je nach Ressource ausgewiesen
142;regional;https://www.portalu.rlp.de/;Umweltportal Rheinland-Pfalz;Zugriff auf Metainformationen zu Umweltdaten und Zuständigkeiten rheinland-pfälzischer Behörden, Einstiegspunkt für das Umweltinformationssystem Rheinland-Pfalz;Rheinland-Pfalz;Mainz; ; ; ;JA;fachda; ;JA; ; ;ja;8.29452164380422;50.0399526114932;3/24/2021;je nach Ressource ausgewiesen
143;regional;https://portalu.saarland.de;Umweltportal Saarland;Das Verbundportal Metaver beinhaltet den Umweltdatenkatalog Saarland als Bestandteil des Saarländisches Umweltinformationssystems (SUIS). Eine eigene Systemumgebung für SUI wurde bisher anscheinend nicht entwickelt.;Saarland;Saarbrücken; ; ; ;JA;fachda; ;JA; ; ;ja;6.95161944861737;49.2084664361677;3/24/2021;je nach Ressource ausgewiesen
144;regional;https://geoportal.saarland.de/;GDI Saarland;Zentraler Zugang zu Geodaten des Landes;Saarland;Saarbrücken; ; ;JA; ;geoda; ; ; ;JA;ja;6.9507933;49.2774314;3/24/2021;je nach Ressource ausgewiesen
145;regional;https://www.umwelt.sachsen.de/umwelt/6403.htm;Umweltportal Sachsen;Der sächsische Umweltdatenkatalog (UDK) ist eine Metadatenkomponente von MetaVer.;Sachsen;Dresden; ; ; ;JA;fachda; ;JA; ; ;ja;13.8876933069478;51.0320094396137;3/24/2021;je nach Ressource ausgewiesen
146;regional;http://www.umwelt.sachsen-anhalt.de/;Umweltinformationsnetz Sachsen-Anhalt;Einstiegspunkt zu verschiedenen Umweltdaten des Landes Sachsen-Anhalt;Sachsen-Anhalt;Magdeburg; ; ; ;JA;fachda; ;JA; ; ;ja;11.57310058247;52.1319687833371;3/24/2021;je nach Ressource ausgewiesen
147;regional;http://www.umwelt.schleswig-holstein.de;LUP Schleswig-Holstein;Einstiegspunkt zu verschiedenen Umweltdaten des Landes Schleswig-Holstein;Schleswig-Holstein;Kiel; ; ; ;JA;fachda; ;JA; ; ;ja;10.1320912235544;54.3554598478079;3/24/2021;je nach Ressource ausgewiesen
148;regional;https://www.umweltportal.thueringen.de/;Umweltportal Thüringen;Zentrales Suchportal und Zugang zu offenen Umweltdaten des Landes Thüringen;Thüringen;Erfurt; ; ; ;JA;fachda; ;JA; ; ;ja;11.041809572949;50.9330269536876;3/24/2021;je nach Ressource ausgewiesen
149;regional;https://www.umwelt-bw.de/;Umweltportal Baden-Würtemberg;Einstiegspunkt zu verschiedenen Umweltdaten des Landes Baden-Württemberg.;Baden-Württemberg;Stuttgart; ; ; ;JA;fachda; ;JA; ; ;ja;9.24869363836966;48.7240753066397;3/24/2021;je nach Ressource ausgewiesen
151;kommunal;http://geoport.lk-vr.de;Geoportal Landkreis Vorpommern-Rügen;Geoportal des Landkreises mit ausgesuchten offenen Daten, z.B. zu INSPIRE Themen;Landkreis Vorpommern-Rügen;Stralsund; ; ;JA;JA;geoda; ; ; ;JA;ja;13.0792216;54.3093337978003;3/24/2021;je nach Ressource ausgewiesen
152;kommunal;https://www.loerrach-landkreis.de/geoportal;Bürger-Geoportal des Landreis Lörrach;Zugang zu raumbezogenen Daten des Landkreises aus verschiedenen Themenbereichen;Landreis Lörrach;Lörrach; ; ;JA;JA;geoda; ; ; ;JA;ja;7.65771474860956;47.6128910588448;3/24/2021;je nach Ressource ausgewiesen
153;kommunal;https://opendata.leipzig.de/de/dataset;Leipzig Open Data;Offene Daten der Stadt Leipzig;Leipzig;Leipzig;JA; ;JA;JA;odp; ; ;JA; ; ;12.3726786;51.3360227972215;3/24/2021;Datenlizenz Deutschland - Namensnennung - Version 2.0
154;kommunal;https://open.lklg.net/;Open Data Portal des Landkreis Lüneburg;Open Data Portal des Landkreis Lüneburg zu verschiedenen Themenbereichen;Lüneburg;Lüneburg;JA; ;JA;JA;odp; ; ;JA; ; ;10.4006111;53.2497211976143;3/24/2021;Datenlizenz Deutschland - Namensnennung - Version 2.0
150;regional;https://geodatenportal.en-kreis.de/;Geodatenportal Ennepe-Ruhr-kreis;Geoportal im Ennepe-Ruhr-Kreis als Web-GIS und Kartendienste;Schwelm;Schwelm; ; ;JA; ;geoda; ; ; ;JA;ja;7.2982912;51.2848410972099;3/24/2021;je nach Ressource ausgewiesen
156;national;https://www.opendata-oepnv.de;Open data ÖPNV; Mobilitätsdaten ,  Informationen und Services rund um den Nahverkehr;Deutschland;Gelsenkrichen; ;JA; ; ;odp; ; ;JA; ;ja;7.06639138455562;51.5483988532108;3/24/2021;je nach Ressource ausgewiesen
157;kommunal;https://www.magdeburg.de/Start/B%C3%BCrger-Stadt/Verwaltung-Service/Offene-Verwaltungsdaten/index.php?La=1&NavID=37.906&object=tx%7C37.12808.1&kat=&kuo=2&sub=0;Magdeburg Open Data;Offene Daten der Stadt Magdeburg;Magdeburg;Magdeburg;JA; ;JA;JA;odp; ; ;JA; ; ;11.6491142570338;52.0909022112616;3/24/2021;Datenlizenz Deutschland - Namensnennung - Version 2.0
158;national;https://www.bbsr.bund.de/BBSR/DE/Raumbeobachtung/Downloads/downloads_node.html;Datendownloadseite des BBSR;Frei verfügbare Geodaten, z.B. zu Raumabgrenzungen;Deutschland;Bonn;JA;JA;JA;JA;amsta;JA; ; ; ;ja;7.24887233773951;50.6000788246904;3/24/2021;Datenlizenz Deutschland - Namensnennung - Version 2.0
159;kommunal;https://opendata.mannheim.de/;Open Data der Stadt Mannheim;Offene Daten der Stadt Mannheim;Mannheim;Mannheim;JA; ;JA;JA;odp; ; ;JA; ; ;8.46277684750246;49.4895778967662;3/24/2021;Datenlizenz Deutschland - Namensnennung - Version 2.0
160;international;http://inspire-geoportal.ec.europa.eu;INSIPRE Geoportal;Überblick über  europaweite Verfügbarkeit von INSPIRE-Geodaten. Anhand von Metadaten können Datensätze recherchiert, visualisiert und heruntergealden werden.;Europa;Brüssel;JA;JA;JA;JA;geoda; ; ; ;JA;ja;4.151697;50.2465572971084;3/24/2021;je nach Ressource ausgewiesen
161;kommunal;https://opendata.meerbusch.de/;Meerbusch Open Data;Offene Daten der Stadt Meerbusch;Meerbusch;Meerbusch;JA; ;JA;JA;odp; ; ;JA; ; ;6.67290763578948;51.3125359275588;3/24/2021;je nach Ressource ausgewiesen
162;kommunal;https://www.minden.de/stadt_minden/de/B%C3%BCrger,%20Service,%20Politik/Offene%20Daten/;Offene Daten Minden;Offene Daten aus der Verwaltung der Stadt Minden, die zur freien Nutzung zur Verfügung gestellt werden. (Stand: 17.11.2020);Minden;Minden;JA; ;JA;JA;odp; ; ;JA; ; ;8.98994211224388;52.2646067033069;3/24/2021;Datenlizenz Deutschland - Zero - Version 2.0
163;kommunal;https://offenedaten.de/organization/mittenwalde;Stadt Mittenwalde;Offene Daten der Stadt Mittenwalde auf Offenedaten.de;Mittenwalde;Mittenwalde;JA; ;JA;JA;odp; ; ;JA; ; ;13.5652592136587;52.2256338974321;3/24/2021;Creative Commons Attribution
155;regional;https://www.geoportal-vogelsberg.de/;Geoportal für den Vogelsbergkreis; Informationsplattform zu Geodaten des Kreises, inklusive frei verfügbarer Metadaten;Vogelsbergkreis;Lauterbach; ; ;JA; ;geoda; ; ; ;JA;ja;9.3992916;50.6407545;3/24/2021;je nach Ressource ausgewiesen
165;kommunal;http://offenedaten.moers.de/;Offene Daten Moers;Offene Daten der Stadt Moers auf Offenedaten.de;Moers;Moers;JA; ;JA;JA;odp; ; ;JA; ; ;6.6019909410187;51.5213047560239;3/24/2021;je nach Ressource ausgewiesen
164;regional;https://datenadler.de/;Open Data Brandenburg;Open Data Portal der Landesverwaltung Brandenburg;Brandenburg;Potsdam;JA; ;JA;JA;odp; ; ;JA; ;ja;13.1472981258629;52.3972767627251;3/24/2021;Datenlizenz Deutschland - Namensnennung - Version 2.0
166;regional;https://www.opengeodata.nrw.de/produkte/;OpenGeodata.NRW;Zugang zu offenen Geodaten (z.B. Geobasisdaten) des Landes NRW;NRW;Düsseldorf; ; ;JA; ;geoda; ; ; ;JA;ja;6.80604794314999;51.1354078602014;3/24/2021;je nach Ressource ausgewiesen
168;kommunal;https://www.moenchengladbach.de/de/aktuell-aktiv/open-data/open-data-geodaten;Open GeoData Mönchengladbach;Ausgesuchte kommunale Geodaten der Stadtverwaltung;Mönchengladbach;Mönchengladbach; ; ;JA; ;geoda; ; ; ;JA;ja;6.45409639874154;51.2031667971913;3/24/2021;Datenlizenz Deutschland - Namensnennung - Version 2.0
167;regional;https://www.geodaten.sachsen.de/;Offene Geodaten Sachsen;Zugang zu digitale topographische Karten, Höhen- und Landschaftsmodellen, Luftbildern und Katastern des Landes Sachsen;Sachsen;Dresden; ; ;JA; ;geoda; ; ; ;JA;ja;13.7899005486448;51.1528112618516;3/24/2021;Datenlizenz Deutschland - Namensnennung - Version 2.0
169;regional;https://daten.digitale-mrn.de/dataset;Open Data MRN;Open Data Portal der Metropolregion Rhein-Neckar mit offenen Daten zu verschiedenen Themen;Metropolregion Rhein-Neckar;Heidelberg; ; ;JA; ;odp; ; ;JA;JA; ;8.74830819365951;49.401482064752;3/24/2021;je nach Ressource ausgewiesen
171;kommunal;https://www.moenchengladbach.de/de/aktuell-aktiv/open-data/open-data-geodaten;Geodatenportal Mönchengladbach;Zugang zu ausgesuchte kommunale Geodaten der Stadtverwaltung Mönchengladbach;Mönchengladbach;Mönchengladbach; ; ;JA; ;geoda; ; ; ;JA;ja;6.4308183;51.1927278;3/24/2021;Datenlizenz Deutschland - Zero - Version 2.0
170;regional;https://geobroker.geobasis-bb.de/;Geobroker des LGB;Der Geobroker der Landesvermessung und Geobasisinformation Brandenburg stellt u.a. kostenfreie Geobasisdaten des Landes und offene Daten aus INSPIRE Themenfeldern bereit;Brandenburg;Potsdam; ; ;JA; ;geoda; ; ; ;JA;ja;12.9803484774786;52.4479621277212;3/24/2021;je nach Ressource ausgewiesen
173;kommunal;https://geo.muelheim-ruhr.de/open-data/13819;Mülheim an der Ruhr Open Data;Offene Daten der Stadt Mühlheim als Rohdaten aus verschiedenen Bereichen der Verwaltung;Mülheim an der Ruhr;Mülheim an der Ruhr;JA; ;JA;JA;geoda; ; ; ;JA;ja;6.8786938;51.4284117972423;3/24/2021;Creative Commons Namensnennung 3.0 Deutschland (CC-BY 3.0)
174;kommunal;https://www.opengov-muenchen.de/;Open-Data-Portal München der Landeshauptstadt München;Bereitstellung offener Verwaltungsdaten der Stadt München;München;München;JA; ;JA;JA;odp; ; ;JA; ;ja;11.70349005555;48.0955694038047;3/24/2021;Datenlizenz Deutschland - Namensnennung - Version 2.0
175;national;https://www.deutschlandatlas.bund.de/DE/Service/Downloads/downloads_node.html;Deutschlandatlas interaktiv 2020;Daten zu den Indikatoren des Deutschlandatlas stehen zum Download zur Verfügung;Deutschland;Berlin;JA;JA;JA;JA;amsta;JA; ; ; ; ;13.3841872898809;52.5630308073438;3/24/2021;Datenlizenz Deutschland - Namensnennung - Version 2.0
176;kommunal;https://geoportal.muenchen.de/portal/plan/?layerIDs=58769,60470;Geoportal München;Kartendienst der Münchner Stadtverwaltung mit zum Download (PDF-Format), inklusive Verweis auf Metadaten;München;München; ; ;JA; ;geoda; ; ; ;JA;ja;11.6124122601112;48.0558792633305;3/24/2021;eigene Nutzungsbedingungen ausgewiesen
177;kommunal;http://www.stadt-muenster.de/katasteramt/geodatenmanagement/open-data.html;Offene Geodaten Münster;Verschiedene Datenbestände des Vermessungs-und Katasteramts Münster als Open Data;Münster (Westf.);Münster (Westf.); ; ;JA; ;geoda; ; ; ;JA;ja;7.65674219154562;51.9753337104224;3/24/2021;je nach Ressource ausgewiesen
178;kommunal;https://opendata.stadt-muenster.de/;Open Data Münster;Open Data-Portal der Stadt Münster mit offenen Daten zu verrschiedenen Themen;Münster (Westf.);Münster (Westf.);JA; ;JA;JA;odp; ; ;JA; ;ja;7.628195285797119;51.96199035644531;3/24/2021;Datenlizenz Deutschland - Namensnennung - Version 2.0
172;regional;https://data.geobasis-bb.de/;Offene Geodaten Brandenburg;Einstieg zum Download-Archiv für Geobasisdaten des Landes Brandenburg;Brandenburg;Potsdam; ; ;JA; ;geoda; ; ; ;JA;ja;13.0666971644771;52.3470018874525;3/24/2021;Datenlizenz Deutschland - Namensnennung - Version 2.0
180;kommunal;https://www.offenesdatenportal.de/organization/krzn;Kommunales Rechenzentrum Niederrhein;Offene Daten des Kreises Niederrhein (zu verschiedenen Themen;Niederrhein;Kamp-Lintfort;JA; ;JA;JA;odp; ; ;JA; ;ja;6.53153174580536;51.4361284224905;3/24/2021;Datenlizenz Deutschland - Namensnennung - Version 2.0
181;kommunal;http://offenedaten.kdvz-frechen.de/;Offene Daten kdvz Rhein-Erft-Rur;"Offenen Daten im interkommunalen Transparenzportal im Rahmen des Pilotprojektes „Kommunales Open Government in NRW""";Rhein-Erft-Kreis;Frechen;JA; ;JA;JA;odp; ; ;JA; ; ;6.85129112211708;50.9540651260586;3/24/2021;Creative Commons Namensnennung 3.0 Deutschland (CC-BY 3.0)
182;kommunal;https://opendata.vag.de;Open Data Verkehrs-Aktiengesellschaft Nürnberg;Portal der VAG Nürnberg mit offenen Daten des ÖPNV;Nürnberg;Nürnberg; ;JA; ; ;odp; ; ;JA; ;ja;11.0791474874479;49.4821526079808;3/24/2021;Creative Commons Attribution 4.0 International (CC BY 4.0)
183;kommunal;https://www.vgn.de/web-entwickler/open-data/;Open Data: VGN-Soll-Fahrpläne im GTFS-Format;Soll-Fahrpläne aller Linien im Verkehrsverbund Großraum Nürnberg (VGN) zum Download;Nürnberg;Nürnberg; ;JA; ; ;odp; ; ;JA; ; ;11.0612127378337;49.4209580649797;3/24/2021;Creative Commons Namensnennung 3.0 Deutschland (CC-BY 3.0)
184;kommunal;https://rio.obk.de/;RIO Raum Information Oberberg; Rauminformationssystem des Oberbergischen Kreises mit Geoinformationen zu unterschiedlichen Themen .;Oberbergischer Kreis;Wiehl; ; ;JA; ;geoda; ; ; ;JA;ja;7.5302095;50.9661550971365;3/24/2021;Datenlizenz Deutschland - Land NRW (2021) / Katasterbehörde des Oberbergischen Kreises.
179;regional;https://www.region-frankfurt.de/Geoportal;Geoportal Regionalverband FrankfurtRheinMain;Geodaten, Karten, Kartendienste und Kartenanwendungen der Region Frankfurt-Rhein-Main;Region Frankfurt-Rhein-Main;Frankfurt am Main;JA;JA;JA;JA;geoda; ; ; ;JA;ja;8.60013886248191;50.1387051677443;3/24/2021;je nach Ressource ausgewiesen
186;kommunal;https://opendata.potsdam.de/;Open Data-Portal Potsdam;Offenes Datenportal der Stadt Potsdam mit offenen Daten zu verschiedenen Themen.;Potsdam;Potsdam;JA; ;JA;JA;odp; ; ;JA; ;NA;13.0940321627091;52.4597165162661;3/24/2021;je nach Ressource ausgewiesen
187;kommunal;https://geoportal.remscheid.de/;Geodatenportal Remdscheid;Interaktiver Kartenviewer (mit Downloaddiensten) der Stadt Remdscheid;Remdscheid;Remdscheid; ; ;JA; ;geoda; ; ; ;JA;ja;7.1852853;51.1824272971866;3/24/2021;je nach Ressource ausgewiesen
188;kommunal;http://opendata.rhein-kreis-neuss.de/;Open Data Portal des Rhein-Kreis Neuss;Zugang zu offenen Datensätze, inklusive Geodaten, aus den Bereichen Bevölkerung, Bildung, Umwelt, Haushalt;Rhein-Kreis Neuss;Neuss;JA; ;JA;JA;odp; ; ;JA; ; ;6.69571;51.1962943;3/24/2021;je nach Ressource ausgewiesen
189;kommunal;https://geo.sv.rostock.de/;Geolotse.HRO;Einstieg in die Geodateninfrastruktur der Stadt Rostock und Zugang Anwendungen mit Raumbezug;Rostock;Rostock; ;JA;JA; ;geoda; ; ; ;JA;ja;12.1820562218454;54.0641684428942;3/24/2021;Creative Commons Zero Universal 1.0 Public Domain Dedication (CC0 1.0).
185;regional;https://danord.gdi-sh.de;DigitalerAtlasNord  (DANord);Zentraler Zugriff auf dezentral vorliegende Geodaten für Öffentlichkeit, Verwaltung, Wissenschaft und Wirtschaft.;Schleswig-Holstein;Kiel; ; ;JA; ;geoda; ; ; ;JA;ja;10.1019238508096;54.3183679087991;3/24/2021;je nach Ressource ausgewiesen
190;regional;http://monitoring.metropolregion-nordwest.de/;Regional-Monitoring der Metropolregion Nordwest;Regionalmonitoring mit Zugang zu demografischen, wirtschaftlichen, sozialen und ökologischen Daten ( Download als xls);Nordwest;Delmenhorst;JA;JA;JA; ;amsta;JA; ; ; ; ;8.6300889;53.0500425;3/24/2021;Datenlizenz Deutschland - Namensnennung - Version 2.0
191;regional;https://www.statistikatlas.nrw.de/;Amtliche Statistik;Zugang zu Karten und Tabellen;NRW;Düsseldorf;JA;JA;JA; ;amsta;JA; ; ; ; ;6.3777263;51.8445072;3/24/2021;Datenlizenz Deutschland - Namensnennung - Version 2.0
192;regional;http://www.landesdatenbank.nrw.de;Amtliche Statistik;Zugang zu Karten und Tabellen;NRW;Düsseldorf;JA;JA;JA; ;amsta;JA; ; ; ; ;6.7777263;51.2445072;3/24/2021;Datenlizenz Deutschland - Namensnennung - Version 2.0
193;regional;https://www.lzg.nrw.de/ges_bericht/ges_indi/gesundheitsatlas_nrw/index.html;GBE - Datenportal auf Kreisebene;Zugang zu Indikatoren aus dem Datenpool der Indikatoren der Ländergesundheitsberichterstattung;NRW;Bochum;JA;JA;JA; ;amsta;JA; ; ; ; ;7.2449665;51.4463667;3/24/2021;je nach Ressource ausgewiesen
194;regional;https://geoportal-hamburg.de/;Geodatenportal Hamburg;Zugang zu Geodaten der Stadt Hamburg auf Stadtteil und Regionalebene zu verschiedenen Themenbereichen;Hamburg;Hamburg;JA;JA;JA; ;geoda; ; ; ;JA;ja;10.0037004;53.4977259;3/24/2021;je nach Ressource ausgewiesen
196;national;https://www.gbe-bund.de/gbe/hrecherche.prc_datenquellen?p_aid=75450687&p_uid=gast&p_sprache=D&p_knoten=STBA&tk=51310&tk2=51311&cnt_ut=1&ut=51311;Datenzusammenstellung im Kontext der GBE;Daten aus unterschiedlichen Quellen, z.B. der Statistischen Landesämter;Deutschland;Wiesbaden;JA; ;JA; ;amsta;JA; ; ; ; ;8.7520466;50.1708336;3/24/2021;Datenlizenz Deutschland - Namensnennung - Version 2.0
197;national;https://www.inkar.de/;Indiktatoren zur Raumbeobachtung; interaktiven Online-Atlas des Bundes­instituts für Bau-, Stadt- und Raumforschung, veranschaulicht die Lebens­bedingungen in Deutschland und Europa. Mehr als 700 Indikatoren ermöglichen Stadt-Land-Vergleiche ebenso wie Auswertungen über die letzten zwei Jahrzehnte.enthalten sind 33 Kernindikatoren der „Sustainable Development Goals“ (SDG). INKAR bietet aktuelle regional­statistische Informationen zu nahezu allen gesell­schaftlich wichtigen Themen wie Arbeits­markt, Bildung, Sozial­leistungen, Demografie, Einkommen, Wirtschaft, Wohnen, öffentliche Finanzen, Verkehr und Umwelt. Download als;Deutschland;Bonn;JA;JA;JA;JA;amsta;JA; ; ; ;ja;7.1843557;50.6721558;3/24/2021;je nach Ressource ausgewiesen
198;national; http://www.regionalstatistik.de;Regionaldatenbank Deutschland;Daten der amtlichen Statistik des Bundes und der Länder;Deutschland;Wiesbaden;JA; ; ; ;amsta;JA; ; ; ; ;8.31931248422518;50.0209870662387;3/24/2021;Datenlizenz Deutschland - Namensnennung - Version 2.0
199;national;https://www.imis.bfs.de/geoportal/;Messdaten des Bundesamtes für Strahlenschutz;Geodaten aus dem Bereich Umwelt (Luftdaten, Klima/ Wetter, Strahlung) als Open Data;Deutschland;Salzgitter; ; ; ;JA;fachda; ;JA; ; ;ja;10.3312281;52.151448;3/24/2021;je nach Ressource ausgewiesen
200;kommunal;http://www.opendata-hro.de/;OpenData.HRO!;Offene Daten der Hanse- und Universitätsstadt Rostock.;Rostock;Rostock;JA;JA;JA;JA;odp; ; ;JA; ;ja;12.1556248318717;54.1301274406974;3/24/2021;je nach Ressource ausgewiesen
201;kommunal;http://www.geoport-hro.de/;Geodatenportal Rostock und Umgebung;Zugang zu Daten und Web Map Services (WMS) und Web Map Tile Services (WMTS), inklusive geocodierter Daten Dritter aus den verschiedenen Themenbereichen;Rostock;Rostock; ; ;JA; ;geoda; ; ; ;JA;ja;12.1421386;54.0883405;3/24/2021;je nach Ressource ausgewiesen
202;kommunal;http://www.gisserver.de/schwaebisch-gmuend/;Geodatenportal der Stadt Schwäbisch Gmüd;Daten und Karten der Stadt zu ausgewählten Themen;Schwäbisch Gmüd;Schwäbisch Gmüd; ; ;JA;JA;geoda; ; ; ;JA;ja;9.83984875508333;48.819026983262;3/24/2021;je nach Ressource ausgewiesen
203;kommunal;http://www.giscity.de/schwaebischhall/;Geodatenportal der Stadt Schwäbisch Hall;Geoportal der Stadt Schwäbisch Hall mit Daten und Karten zu verschieden Themen.;Schwäbisch Hall;Schwäbisch Hall; ; ;JA; ;geoda; ; ; ;JA;ja;9.73679439460486;49.1123752966634;3/24/2021;je nach Ressource ausgewiesen
195;regional;http://www.destatis.de/onlineatlas;Atlas Regionalstatistik;Daten, Karten und Tabellen zum Download;Deutschland;Wiesbaden;JA;JA;JA; ;amsta;JA; ; ; ;ja;8.2520466;50.0708336;3/24/2021;Datenlizenz Deutschland - Namensnennung - Version 2.0
204;regional;https://www.lgl-bw.de/;Landesamt für Geoinformation und Landentwicklung BW;Open Data für Geobasisdaten: Rasterdaten, Vektordaten, Schlüsselkataloge von ALKIS -und ATKIS-Daten;Baden-Württemberg;Stuttgart; ; ;JA; ;geoda; ; ; ;JA;ja;9.1710939;48.7794323;3/24/2021;je nach Ressource ausgewiesen
206;national;https://www.suche-postleitzahl.org/downloads;Postleitzahlengebiete;OpenStreetMap contributors: kostenloses Material rundum Postleitzahlen zum Downloaden. Die Rohdaten stammen aus Open-Source Projekten wie OpenStreetMap die wir zu einer kompakten Form gefiltert und extrahiert haben. Alle Dateien werden in regelmäßigen Abständen aktualisiert und können kostenlos unter Einhaltung der entsprechenden Lizenzen frei genutzt werden. (PLZ mit EW-Zahlen, Umfangreiche Daten zur Kartenerstellung in verschiedenen regionalen Tiefen) Formate: svg, csv, shp, kmz);Deutschland;Hochstädten; ;JA; ; ;odp; ; ;JA; ;ja;7.5029435;49.798829;3/24/2021;ODbL
207;national;https://inspire-geoportal.ec.europa.eu/results.html?country=de&view=details&theme=none;INSPIRE Deutschland;Geodaten und Geodatendienste für Deutschland auf dem europäischen INSPIRE-Geoportal;Deutschland;Berlin;JA;JA;JA;JA;geoda; ; ; ;JA;ja;13.3801989;52.5167331;3/24/2021;je nach Ressource ausgewiesen
208;national;https://www.geofabrik.de/;Geofabrik GmbH -OpenStreetmap Contributer;Bereitstellung von u.a. freier Geodaten auf OSM-Basis;Deutschland;Karlsruhe; ;JA;JA; ;geoda; ; ; ;JA;ja;8.3901825;49.0096207;3/24/2021;ODbL 1.0
205;regional;https://opendata.schleswig-holstein.de/;Open Data Portal SH;OpenData  der landeseigenen Verwaltung Schleswig-Holstein;Schleswig-Holstein;Kiel;JA; ;JA;JA;odp; ; ;JA; ; ;10.1440646;54.3500509;3/24/2021;je nach Ressource ausgewiesen
210;national;https://unfallatlas.statistikportal.de/_opendata2020.html;Unfallatlas; Daten stehen zum Download zur verfügung (u.a. als Geodaten);Deutschland;Wiesbaden;JA; ; ; ;odp; ; ;JA; ;ja;8.2520466;50.0708336;3/24/2021;Datenlizenz Deutschland - Namensnennung - Version 2.0
211;kommunal;http://www.soest.de/03leben_wohnen/planen_bauen_umwelt/Plaene_Karten_und_Luftbilder__Geodatenportal_Stadt_Soest_/981startseite.php;Datenportal der Stadt Soest mit amtlichen Daten (Statistik) und ausgewählten Geodaten;Karten, Pläne, Luftbilder der Stadt Soest, inkl. eines 3D-Stadtmodelles der Altstadt. Freigabe unter Datenlizenz Deutschland 2.0, soweit nicht anders gekennzeichnet. (Stand: 12.3.2018);Soest;Soest;JA; ;JA;JA;odp; ; ;JA; ;ja;8.10813705401069;51.5721554472742;3/24/2021;je nach Ressource ausgewiesen
212;kommunal;https://www.offenesdatenportal.de/organization/stadt-kleve;Stadt Kleve Open Data;Open Data Portal der Stadt Kleve zu verschiedenen Themenbereichen;Stadt Kleve;Kleve;JA; ;JA;JA;odp; ; ;JA; ; ;6.08278445238098;51.7658772137872;3/24/2021;Datenlizenz Deutschland - Namensnennung - Version 2.0
213;kommunal;http://open.muelheim-ruhr.de;Open Data Mühlheim;Zugang zu Open Data als Rohdaten aus verschiedenen Bereichen der Verwaltung (Bevölkerung, Struturdaten, Wetterdaten, Geodaten, Verkehr);Stadt Mülheim an der Ruhr;Mülheim an der Ruhr;JA; ;JA;JA;odp; ; ;JA; ; ;6.8786938;51.4284118;3/24/2021;Creative Commons Namensnennung 3.0 Deutschland Lizenz (CC-BY-3.0)
214;kommunal;https://geoportal-treuenbrietzen.de/;Geoportal Stadt Treuenbrietzen;Amtliche Informationsplattform rund um Geodaten der Stadtverwaltung;Treuenbrietzen;Treuenbrietzen; ; ;JA; ;geoda; ; ; ;JA;ja;12.8734896;52.0966551973869;3/24/2021;je nach Ressource ausgewiesen
215;kommunal;http://daten.ulm.de/;daten.ulm.de;Offene  Geodaten und offene statistische Daten der Stadt Ulm;Ulm;Ulm;JA; ;JA;JA;odp; ; ;JA; ;ja;9.95032539316306;48.3817721644742;3/24/2021;je nach Ressource ausgewiesen
216;kommunal;https://www.offenesdatenportal.de/organization/kreis-viersen;Kreis Viersen Open Data;Offene Verwaltungsdaten der Kreisverwaltung Viersen;Viersen;Viersen;JA; ;JA;JA;odp; ; ;JA; ; ;6.34743645200908;51.2382954372085;3/24/2021;Datenlizenz Deutschland - Zero - Version 2.0
217;kommunal;https://www.viersen.de/de/dienstleistung/geodatenmanagement-1881056/;Geoportal, Geodatenmanagement und Integrationsatlas der Stadt Viersen;Geografisches Rauminformationssystem der Stadt Viersen;Viersen;Viersen; ; ;JA; ;geoda; ; ; ;JA;ja;6.4437654335251;51.2772698040277;3/24/2021;je nach Ressource ausgewiesen
218;kommunal;http://www.geonline-gis.de/portale/weinstadt.htm;BürgerGIS Weinstadt;Geoportal von Weinstadt mit Bebauungsplänen, öffentlichen Einrichtungen, demographischen Daten, Umweltdaten, Wasserhärtegraden und vielen interaktiven Möglichkeiten. (Stand: 12.3.2018);Weinstadt;Weinstadt;JA; ;JA;JA;geoda; ; ; ;JA;ja;9.3868575614725;48.8049370965771;3/24/2021;je nach Ressource ausgewiesen
219;kommunal;http://data.wennigsen.net/;Daten Gemeinde Wennigsten;Dateiordner mit CSV -Dateien, u.a. zu demografischen Daten, Kommunalhaushalt, Gemeindegrößen, etc.;Wennigsen (Deister);Wennigsen (Deister);JA; ;JA;JA;odp; ; ;JA; ; ;9.571887004948380;52.27356064761643;3/24/2021;Datenlizenz Deutschland - Namensnennung - Version 2.0
220;kommunal;https://www.offenesdatenportal.de/organization/stadt-wesel;Stadt Wesel am Rhein Open Data;Offene Verwaltungsdaten der Stadt Wesel;Wesel;Wesel;JA; ;JA;JA;odp; ; ;JA; ; ;6.61112660507015;51.6588882472932;3/24/2021;Datenlizenz Deutschland - Zero - Version 2.0
221;kommunal;http://opendata.wesel.de/;Open Data der Stadt Wesel;Zugang zu offenen Datensätzen zu verschiedenen Themen;Wesel;Wesel;JA; ;JA;JA;odp; ; ;JA; ; ;6.6086725;51.6652213;3/24/2021;Datenlizenz Deutschland - Zero - Version 2.0
222;kommunal;https://www.offenedaten-wuppertal.de/;Offene Daten Wuppertal;Offene Daten der Stadt Wuppertal;Wuppertal;Wuppertal;JA; ;JA;JA;odp; ; ;JA; ;ja;7.20012974620937;51.272155747207;3/24/2021;je nach Ressource ausgewiesen
223;kommunal;https://opendata.wuerzburg.de/;Transparenzportal Würzburg;Offene und maschinenlesbare Daten der Stadtverwaltung Würzburg, mit API;Würzburg;Würzburg;JA; ;JA;JA;odp; ; ;JA; ;ja;9.92810000000001;49.7937999968466;3/24/2021;Datenlizenz Deutschland - Namensnennung - Version 2.0
209;regional;https://opendata.ruhr/;Open Data Portal Ruhr;Zentraler Zugang zu offenen Daten aller Städte, Gemeinden und weiterer Partner in der Metropole Ruhr;Ruhrgebiet;Essen; ; ;JA; ;odp; ; ;JA; ; ;7.1208855;51.847142;3/24/2021;je nach Ressource ausgewiesen
224;regional;https://www.statistik-bremen.de/Regionalmonitoring/RegionalmonitoringAufGemeindeebene.html; Demografie-Monitoring;Regionalmonitoring soll die Betrachtung der demografischen, wirtschaftlichen, sozialen und ökologischen Entwicklung ermöglichen, Download als xls;Bremen;Delmenhorst;JA; ;JA;JA;amsta;JA; ; ; ; ;8.6289415;53.0474236;3/24/2021;je nach Ressource ausgewiesen
226;national;http://www.zefir.ruhr-uni-bochum.de/;Zentrum für interdisziplinäre Regionalforschung (ZEFIR);Zugang zu Daten der interdisziplinären Sozialforschung (nach Registrierung);Deutschland;Bochum;JA; ; ; ;odp; ; ;JA; ; ;7.2609654;51.4441576;3/24/2021;eigene Bestimmungen
227;national;https://gdi.thuenen.de/geonetwork/srv/ger/main.home;Thünenatlas;Interaktive Karten, GIS Datensätze und weitere räumliche Daten des Thünen-Instituts;Deutschland;Braunschweig;JA;JA;JA;JA;fachda; ;JA; ; ;ja;10.4340524;52.2897044;3/24/2021;je nach Ressource ausgewiesen
228;international;https://www.openaire.eu/;OPENAIRE. Europäische Open Access Infrastruktur für Forschung in Europa;Zugang zu Ergbnissen und offenen Forschungsdaten ( inklusive Übersicht zu Citizen Scienze);Europa;Berlin;JA;JA;JA;JA;odp; ; ;JA; ; ;23.71622;37.97945;3/24/2021;Reative Commons Attribution 4.0 International (CC BY 4.0)
229;international;https://www.geoportal.org/;GEOSS Portal;Globales Suchportal für Fernerkundungsdaten;Europa;Köln; ;JA;JA;JA;geoda; ; ; ;JA;ja;6.8293;47.1109;3/24/2021;je nach Ressource ausgewiesen
230;international;https://www.openflightmaps.org/;OpenFlightMap;Datenbank mit aeronautischen Daten auf Basis von Citizen Science;Europa;Bonn; ;JA; ; ;odp; ; ;JA; ;ja;8.7284572;47.503705;3/24/2021;OFMA General Users´ License
231;national;https://www.versorgungsatlas.de/;Versorgungsatlas Deutschland;Das Zentralinstitut für die kassenärztliche Versorgung in der Bundesrepublik Deutschland bietet Daten, Karten und Tabellen zum Download;Deutschland;Bonn;JA;JA; ; ;odp; ; ;JA; ;ja;13.32714;52.5166557;3/24/2021;je nach Ressource ausgewiesen
232;national;https://code-de.org/de/;CODE-DE;Deutsche Zugang zu den Daten des europäischen Erdbeobachtungsprogramms Copernicus mit Satellitendaten zur Umweltbeobachtung (teils erst nach Anmeldung);Deutschland;Köln; ; ;JA;JA;geoda; ; ; ;JA;ja;7.111735;50.8504427;3/24/2021;eigene Lizenz
233;national;https://www.datenportal.bmbf.de/;Daten-Portal des Bundesministerium für Bildung und Forschung (BMBF);Zugang zu Daten und Tabellen zu Themenbereichen aus Wissenschaft, Forschung, Entwicklung und Zusammenarbeit;Deutschland;Koblenz;JA; ; ; ;fachda; ;JA; ; ;ja;7.137354;50.7034426;3/24/2021;Datenlizenz Deutschland - Namensnennung - Version 2.0
234;national;https://www.bfn.de/infothek/datenbanken-informationssysteme.html;Bundesamt für Naturschutz Infothek;Zugang zu Datenbanken und Datensammlungen des Bundesamtes für Naturschutz (BfN);Deutschland;Köln; ; ; ;JA;fachda; ;JA; ; ;ja;7.1756085;50.6757533;3/24/2021;je nach Ressource ausgewiesen
235;national;https://www.wasser-de.de/;wasser.de;Zugang zu online verfügbaren fachspezifischen Informationen verschiedener Anbieter;Deutschland;München; ; ; ;JA;fachda; ;JA; ; ;ja;11.6180919;48.1529396;3/24/2021;je nach Ressource ausgewiesen
236;national;https://geoportal.bafg.de/CSWView/od.xhtml;Geoportal der Bundesanstalt für Gewässerkunder;Zugang zu OpenData zum Themenbereich;Deutschland;Kranzberg; ; ; ;JA;fachda; ;JA; ; ;ja;7.5982842;50.3529134;3/24/2021;je nach Ressource ausgewiesen
237;national;https://www.bibliotheksstatistik.de/;Statistikportal der Deutschen Bibliotheksstatistik (DBS);Zugang und Download  Daten und Tabellen der Bibliothkesstatistik;Deutschland;Köln;JA; ; ; ;fachda; ;JA; ; ; ;6.935514;50.9341361;3/24/2021;eigene Bestimmungen
225;regional;"https://daten.geoportal.ruhr/srv/ger/catalog.search;jsessionid=76F53939DF92A03F931A93E3A143E184#/search?resultType=details&sortBy=relevance&from=1&to=20";Geodatenportal;Geodaten aus dem Ruhrgebiet (vielfach als open data);Ruhrgebiet;Essen;JA; ;JA;JA;odp; ; ;JA; ; ;7.0208855;51.447142;3/24/2021;je nach Ressource ausgewiesen
238;regional;https://www.geoportal-bw.de/;GDI Baden-Württemberg;Zugang zur Geodateninfrastruktur des Landes;Baden-Württemberg;Stuttgart; ; ;JA; ;geoda; ; ; ;JA;ja;9.4710939;48.1794323;3/24/2021;je nach Ressource ausgewiesen
240;regional;https://bwdatadiss.kit.edu/;KITopenData;Zugang zu Forschungsdaten;Baden-Württemberg;Karlsruhe;JA; ; ; ;odp; ; ;JA; ; ;8.4163749;49.0111544;3/24/2021;je nach Ressource ausgewiesen
241;regional;https://www.schulministerium.nrw/ministerium/open-government/offene-daten;Ministerium für Schule und Bildung NRW;Amtliche Schuldaten des Ministeriums für Schule und Bildung Nordrhein-Westfalen als Open Data;NRW;Düsseldorf;JA; ; ; ;amsta;JA; ; ; ; ;6.7542559;51.2088932;3/24/2021;Datenlizenz Deutschland - Namensnennung - Version 2.0
242;national;https://www.bka.de/DE/AktuelleInformationen/StatistikenLagebilder/PolizeilicheKriminalstatistik/PKS2016/pks2016_node.html;Polizeiliche Kriminalitätsstatistik;Zugang zu  Karten und Tabelllen  (ältere Daten nur in nicht-maschinenlesbaren Formaten  als PDF);Deutschland;Wiesbaden;JA; ; ; ;fachda; ;JA; ; ; ;8.2450952;50.0971155;3/24/2021;Datenlizenz Deutschland - Namensnennung - Version 2.0
243;regional;https://www.kriminalitaetsatlas.berlin.de/K-Atlas/atlas.html;Kriminalitätsatlas Berlin;Daten und Karten zur Kriminalität im Bundesland Berlin;Berlin;Berlin;JA; ; ; ;fachda; ;JA; ; ;ja;13.3871677;52.4829728;3/24/2021;Datenlizenz Deutschland - Namensnennung - Version 2.0
244;national;https://opendata-esri-de.opendata.arcgis.com/datasets/esri-de-content::cybercrime-iuk-kriminalit%C3%A4t-nach-2016;ESRI Kriminalität;Zugang zu Karten und Daten der PKS im Esri Portal;Deutschland;Kranzberg;JA; ; ; ;fachda; ;JA; ; ;ja;11.0564320618947;49.4235352459243;3/24/2021;Datenlizenz Deutschland - Namensnennung - Version 2.0
